{"branches": 50.38084874863983, "coverage": 69.69511573365963}