{"branches": 49.727965179542984, "coverage": 69.09350463954318}