{"branches": 49.94640943193998, "coverage": 69.26101421514265}