{"branches": 32.707182320441994, "coverage": 51.18591403417918}