{"branches": 49.83677910772579, "coverage": 69.1750790251861}