{"branches": 32.48618784530387, "coverage": 51.08234075608493}