{"branches": 50.48966267682263, "coverage": 69.51157336596309}