{"branches": 50.38084874863983, "coverage": 69.48098297134699}