{"branches": 32.59668508287293, "coverage": 51.10305541170378}